ConfName;Rank;Papers_1_Edition;Papers_2_Edition;Papers_3_Edition;Papers_4_Edition;Papers_5_Edition;Num_Papers;Authors_1_Edition;Authors_2_Edition;Authors_3_Edition;Authors_4_Edition;Authors_5_Edition;Num_Authors;Authors_per_paper_1_Edition;Authors_per_paper_2_Edition;Authors_per_paper_3_Edition;Authors_per_paper_4_Edition;Authors_per_paper_5_Edition;Authors_per_Paper;Papers_per_author_1_Edition;Papers_per_author_2_Edition;Papers_per_author_3_Edition;Papers_per_author_4_Edition;Papers_per_author_5_Edition;Papers_per_Author;Newcomers_rate_12_Edition;Newcomers_rate_23_Edition;Newcomers_rate_34_Edition;Newcomers_rate_45_Edition;Newcomers;Surviving_rate_12_Edition;Surviving_rate_23_Edition;Surviving_rate_34_Edition;Surviving_rate_45_Edition;Survivors;Newcomer_papers_rate_12_Edition;Newcomer_papers_rate_23_Edition;Newcomer_papers_rate_34_Edition;Newcomer_papers_rate_45_Edition;Newcomer_Papers;Community_papers_12_Edition;Community_papers_23_Edition;Community_papers_34_Edition;Community_papers_45_Edition;Community_Papers;AvgDegree_1_LastEdition;AvgDegree_2_LastEdition;AvgDegree_3_LastEdition;AvgDegree_4_LastEdition;AvgDegree_5_LastEdition;Avg_Degree;GraphDensity_1_LastEdition;GraphDensity_2_LastEdition;GraphDensity_3_LastEdition;GraphDensity_4_LastEdition;GraphDensity_5_LastEdition;Graph_Density;GraphModularity_1_LastEdition;GraphModularity_2_LastEdition;GraphModularity_3_LastEdition;GraphModularity_4_LastEdition;GraphModularity_5_LastEdition;Graph_Modularity;ConnectedComponents_1_LastEdition;ConnectedComponents_2_LastEdition;ConnectedComponents_3_LastEdition;ConnectedComponents_4_LastEdition;ConnectedComponents_5_LastEdition;Connected_Components;AveragePathLength_1_LastEdition;AveragePathLength_2_LastEdition;AveragePathLength_3_LastEdition;AveragePathLength_4_LastEdition;AveragePathLength_5_LastEdition;Avg_Path_Length;ProminentFigures_1_LastEdition;ProminentFigures_2_LastEdition;ProminentFigures_3_LastEdition;ProminentFigures_4_LastEdition;ProminentFigures_5_LastEdition;Prominent_Figures;Community_Size
0-ACM-Conference-on-Computer-and-Communications-Security;AA;114,000;105,000;81,000;61,000;54,000;83,000;457,000;373,000;312,000;204,000;188,000;306,800;4,360;3,933;4,235;3,459;3,685;3,934;1,087;1,107;1,099;1,034;1,059;1,077;68,271;71,582;82,051;81,863;75,942;18,381;17,694;11,538;18,137;16,438;29,825;31,429;54,321;59,016;43,648;7,018;6,667;2,469;6,557;5,678;4,451;3,786;4,840;2,804;3,532;4,889;0,010;0,010;0,016;0,014;0,019;0,004;87,000;80,000;61,000;55,000;45,000;136,000;87,000;80,000;61,000;55,000;45,000;124,000;1,460;1,302;1,303;1,145;1,245;8,530;0,000;0,000;0,000;0,000;0,000;2,269;1190,000
1-International-Symposium-on-High-Performance-Computer-Architecture;AA;58,000;55,000;39,000;43,000;36,000;46,200;214,000;224,000;166,000;160,000;150,000;182,800;4,138;4,436;4,436;4,000;4,333;4,269;1,122;1,089;1,042;1,075;1,040;1,074;68,224;78,571;78,313;86,250;77,840;17,757;8,482;12,651;13,750;13,160;27,586;40,000;46,154;69,767;45,877;12,069;1,818;0,000;4,651;4,635;4,785;5,232;4,663;3,863;4,307;5,438;0,022;0,023;0,028;0,024;0,029;0,007;43,000;43,000;34,000;35,000;32,000;95,000;42,000;42,000;34,000;34,000;32,000;87,000;1,752;1,463;1,175;1,293;1,096;4,670;0,000;0,000;0,000;0,000;0,000;1,351;740,000
18-International-Conference-on-Software-Engineering;AA;98,000;115,000;115,000;83,000;77,000;97,600;310,000;364,000;376,000;277,000;274,000;320,200;3,602;3,452;3,583;3,590;3,688;3,583;1,139;1,091;1,096;1,076;1,036;1,087;59,677;71,703;69,947;82,310;70,910;21,613;16,209;19,149;17,690;18,665;20,408;43,478;39,130;63,855;41,718;17,347;6,957;10,435;4,819;9,889;3,452;3,176;3,441;3,401;3,905;4,168;0,011;0,009;0,009;0,012;0,014;0,003;65,000;95,000;89,000;68,000;70,000;184,000;65,000;95,000;89,000;68,000;70,000;173,000;1,585;1,512;1,672;1,270;1,058;7,804;0,000;0,000;0,000;0,000;0,000;2,312;1211,000
22-Usenix-Symposium-on-Operating-Systems-Design-and-Implementation;AA;42,000;23,000;32,000;26,000;27,000;30,000;224,000;109,000;140,000;127,000;119,000;143,800;5,833;4,957;4,656;5,154;4,630;5,046;1,094;1,046;1,064;1,055;1,050;1,062;72,768;68,807;81,429;82,677;76,420;13,839;17,431;13,571;17,323;15,541;16,667;21,739;43,750;50,000;33,039;2,381;4,348;0,000;0,000;1,682;5,866;5,064;4,971;5,228;4,824;6,313;0,026;0,047;0,036;0,041;0,041;0,011;31,000;19,000;26,000;22,000;21,000;51,000;31,000;19,000;26,000;22,000;21,000;39,000;1,269;1,181;1,298;1,230;1,180;5,846;0,000;0,000;0,000;0,000;0,000;1,389;576,000
29-ACM-Conference-on-Applications-Technologies-Architectures-and-Protocols-for-Computer-Communication;AA;45,000;38,000;31,000;32,000;33,000;35,800;212,000;193,000;129,000;124,000;153,000;162,200;5,311;5,790;4,742;4,406;4,909;5,032;1,127;1,140;1,140;1,137;1,059;1,121;66,981;68,912;68,992;83,065;71,987;20,755;13,472;16,279;16,935;16,860;24,444;15,789;22,581;50,000;28,204;2,222;7,895;0,000;0,000;2,529;5,774;6,850;4,837;4,339;4,889;6,768;0,027;0,036;0,038;0,035;0,032;0,011;32,000;21,000;22,000;21,000;27,000;47,000;29,000;16,000;20,000;21,000;26,000;33,000;2,189;3,582;1,961;1,339;1,634;4,863;0,000;0,000;0,000;0,000;0,000;3,226;620,000
33-ACM-International-Symposium-on-Computer-Architecture;AA;45,000;56,000;47,000;40,000;44,000;46,400;202,000;260,000;181,000;160,000;178,000;196,200;4,756;4,839;4,106;4,425;4,318;4,489;1,059;1,042;1,066;1,106;1,067;1,068;75,248;67,692;70,166;78,125;72,808;9,901;15,000;14,917;21,875;15,423;42,222;25,000;38,298;55,000;40,130;6,667;12,500;4,255;5,000;7,105;6,634;5,300;4,166;4,513;4,921;6,237;0,033;0,020;0,023;0,028;0,028;0,008;38,000;46,000;38,000;31,000;36,000;84,000;37,000;46,000;38,000;31,000;36,000;72,000;1,249;1,197;1,327;1,269;1,316;6,912;0,000;0,000;0,000;0,000;0,000;1,187;758,000
42-ACM-Multimedia;AA;59,000;53,000;71,000;58,000;76,000;63,400;237,000;193,000;254,000;220,000;280,000;236,800;4,390;4,132;4,197;4,310;4,158;4,237;1,093;1,135;1,173;1,136;1,129;1,133;70,042;61,140;65,354;78,636;68,793;17,722;27,461;22,835;21,364;22,345;33,898;30,189;23,944;46,552;33,646;5,085;11,321;12,676;5,172;8,563;4,211;4,135;4,134;4,118;4,593;5,107;0,018;0,022;0,016;0,019;0,016;0,006;41,000;37,000;46,000;41,000;56,000;114,000;41,000;35,000;43,000;38,000;54,000;105,000;1,761;2,529;2,975;3,345;2,919;4,229;0,000;0,518;0,787;0,000;0,714;3,433;903,000
43-International-Conference-on-Functional-Programming;AA;28,000;40,000;31,000;37,000;33,000;33,800;83,000;95,000;85,000;87,000;85,000;87,000;3,000;2,550;2,774;2,622;2,697;2,729;1,012;1,074;1,012;1,115;1,047;1,052;62,651;58,947;74,118;91,954;71,917;15,663;18,947;9,412;8,046;13,017;32,143;42,500;61,290;78,378;53,578;17,857;20,000;22,581;5,405;16,461;2,699;2,463;2,635;2,368;2,471;3,006;0,033;0,026;0,031;0,028;0,029;0,009;27,000;33,000;30,000;29,000;30,000;86,000;27,000;33,000;30,000;29,000;30,000;83,000;1,097;1,234;1,067;1,263;1,110;2,741;0,000;0,000;0,000;0,000;0,000;0,893;336,000
51-ACM-Conference-on-Object-Oriented-Programming-Systems-Languages-and-Applications;AA;52,000;50,000;59,000;61,000;59,000;56,200;176,000;151,000;189,000;195,000;183,000;178,800;3,596;3,280;3,458;3,541;3,322;3,439;1,063;1,086;1,079;1,108;1,071;1,081;69,318;64,238;74,603;88,205;74,091;13,636;19,868;17,460;11,795;15,690;26,923;20,000;37,288;70,492;38,676;7,692;12,000;8,475;1,639;7,452;3,545;3,113;3,460;3,262;3,421;3,986;0,020;0,021;0,018;0,017;0,019;0,006;44,000;41,000;48,000;50,000;49,000;118,000;44,000;41,000;48,000;49,000;49,000;114,000;1,114;1,175;1,202;1,462;1,318;3,249;0,000;0,000;0,000;0,000;0,000;1,818;715,000
67-ACM-SIGACT-Symposium-on-Principles-of-Programming-Languages;AA;52,000;43,000;44,000;50,000;40,000;45,800;172,000;135,000;139,000;144,000;122,000;142,400;3,577;3,256;3,182;3,020;3,125;3,232;1,081;1,037;1,007;1,049;1,025;1,040;58,140;65,185;71,942;86,806;70,518;21,512;16,296;21,583;13,194;18,146;19,231;41,860;56,818;72,000;47,477;7,692;11,628;11,364;4,000;8,671;3,593;3,333;2,820;2,875;2,918;3,877;0,021;0,025;0,020;0,020;0,024;0,007;42,000;38,000;43,000;44,000;37,000;100,000;42,000;38,000;43,000;44,000;37,000;92,000;1,322;1,245;1,020;1,217;1,063;4,758;0,000;0,000;0,000;0,000;0,000;1,308;535,000
78-IEEE-Symposium-on-Security-and-Privacy;AA;44,000;38,000;40,000;34,000;34,000;38,000;172,000;160,000;155,000;132,000;115,000;146,800;4,159;4,342;4,000;4,176;3,765;4,088;1,064;1,031;1,032;1,076;1,113;1,063;70,930;71,875;74,839;81,061;74,676;15,116;18,125;14,194;18,939;16,594;38,636;36,842;50,000;52,941;44,605;4,545;5,263;12,500;5,882;7,048;3,884;4,138;3,961;4,833;3,983;4,977;0,023;0,026;0,026;0,037;0,035;0,009;35,000;35,000;36,000;28,000;27,000;79,000;35,000;35,000;36,000;27,000;27,000;72,000;1,338;1,043;1,055;1,555;1,231;4,501;0,000;0,000;0,000;0,000;0,000;2,087;575,000
83-Architectural-Support-for-Programming-Languages-and-Operating-Systems;AA;49,000;44,000;37,000;32,000;32,000;38,800;187,000;186,000;150,000;150,000;121,000;158,800;3,980;4,364;4,108;4,750;4,031;4,247;1,043;1,032;1,013;1,013;1,066;1,034;68,449;83,333;81,333;83,333;79,112;10,695;5,914;14,000;16,667;11,819;28,571;50,000;54,054;62,500;48,781;16,327;0,000;5,405;0,000;5,433;3,850;4,323;3,893;4,173;3,802;4,621;0,021;0,023;0,026;0,028;0,032;0,007;43,000;38,000;35,000;30,000;29,000;95,000;43,000;38,000;35,000;30,000;29,000;93,000;1,070;1,236;1,023;1,103;1,135;3,230;0,000;0,000;0,000;0,000;0,000;0,614;651,000
10-European-Conference-on-Object-Oriented-Programming;AB;27,000;29,000;30,000;26,000;24,000;27,200;89,000;104,000;87,000;80,000;72,000;86,400;3,407;3,862;3,100;3,269;3,125;3,353;1,034;1,077;1,069;1,063;1,042;1,057;69,663;79,808;81,609;97,500;82,145;7,865;13,462;6,897;2,500;7,681;33,333;51,724;70,000;96,154;62,803;3,704;13,793;3,333;0,000;5,208;3,101;4,038;2,575;2,825;2,722;3,454;0,035;0,039;0,030;0,036;0,038;0,009;24,000;24,000;27,000;23,000;22,000;82,000;24,000;24,000;27,000;23,000;22,000;81,000;1,225;1,125;1,059;1,105;1,148;2,045;0,000;0,000;0,000;0,000;0,000;0,546;366,000
11-European-Symposium-On-Research-In-Computer-Security;AB;58,000;43,000;50,000;36,000;42,000;45,800;190,000;156,000;168,000;117,000;128,000;151,800;3,724;3,744;3,400;3,250;3,167;3,457;1,137;1,032;1,012;1,000;1,039;1,044;71,053;69,872;82,143;88,889;77,989;6,316;16,667;10,119;11,111;11,053;43,103;44,186;66,000;69,444;55,683;6,897;13,953;4,000;5,556;7,601;3,579;3,474;3,155;2,803;2,609;3,629;0,019;0,022;0,019;0,024;0,021;0,006;42,000;39,000;48,000;36,000;37,000;121,000;41,000;38,000;48,000;36,000;37,000;119,000;2,101;1,326;1,064;1,000;1,187;2,285;0,000;0,000;0,000;0,000;0,000;0,651;614,000
12-International-Symposium-on-Software-Testing-and-Analysis;AB;36,000;32,000;31,000;35,000;23,000;31,400;126,000;111,000;103,000;91,000;67,000;99,600;3,722;3,563;3,677;2,800;3,348;3,422;1,064;1,027;1,107;1,077;1,149;1,085;71,429;72,072;82,524;84,615;77,660;16,667;18,919;13,592;15,385;16,141;41,667;43,750;54,839;62,857;50,778;8,333;9,375;3,226;8,571;7,376;3,603;3,117;3,553;2,264;3,075;3,754;0,029;0,028;0,035;0,025;0,047;0,009;28,000;30,000;25,000;29,000;16,000;67,000;28,000;30,000;22,000;29,000;16,000;63,000;1,257;1,108;2,115;1,176;1,415;4,490;0,000;0,000;0,000;0,000;0,000;1,754;399,000
13-Annual-Computer-Security-Applications-Conference;AB;48,000;36,000;45,000;42,000;41,000;42,400;169,000;119,000;171,000;132,000;145,000;147,200;3,771;3,444;4,089;3,452;3,707;3,693;1,071;1,042;1,076;1,099;1,048;1,067;78,107;78,992;84,795;90,152;83,011;7,101;13,445;7,602;9,848;9,499;39,583;55,556;60,000;69,048;56,047;2,083;0,000;0,000;2,381;1,116;3,361;3,244;3,953;3,333;3,503;3,950;0,020;0,027;0,023;0,025;0,024;0,006;39,000;32,000;36,000;33,000;36,000;109,000;39,000;32,000;36,000;33,000;36,000;107,000;1,174;1,181;1,237;1,563;1,106;3,984;0,000;0,000;0,000;0,000;0,000;0,945;635,000
14-IEEE-IFIP-Working-Conference-on-Software-Architecture;AB;19,000;33,000;22,000;19,000;28,000;24,200;63,000;81,000;70,000;45,000;94,000;70,600;3,316;2,636;3,227;2,579;3,500;3,052;1,000;1,074;1,014;1,089;1,043;1,044;73,016;81,481;87,143;86,667;82,077;15,873;7,407;7,143;13,333;10,939;31,579;48,485;63,636;73,684;54,346;5,263;6,061;0,000;5,263;4,147;2,984;2,296;2,771;2,400;3,702;3,314;0,048;0,029;0,040;0,055;0,040;0,011;19,000;28,000;21,000;16,000;25,000;68,000;19,000;28,000;21,000;16,000;25,000;68,000;1,000;1,131;1,058;1,342;1,147;1,958;0,000;0,000;0,000;0,000;0,000;0,327;306,000
15-IFIP-WG-11-3-Working-Conference-on-Data-and-Applications-Security-;AB;26,000;22,000;24,000;24,000;29,000;25,000;79,000;74,000;71,000;65,000;87,000;75,200;3,500;3,636;3,042;2,833;3,069;3,216;1,152;1,081;1,028;1,046;1,023;1,066;67,089;68,919;80,282;80,000;74,072;24,051;13,514;12,676;20,000;17,560;53,846;40,909;75,000;66,667;59,105;11,538;4,545;8,333;8,333;8,188;3,013;3,405;2,507;2,462;2,506;3,040;0,039;0,047;0,036;0,038;0,029;0,010;20,000;18,000;22,000;22,000;28,000;77,000;20,000;18,000;22,000;22,000;28,000;76,000;1,217;1,259;1,101;1,036;1,035;1,942;0,000;0,000;0,000;0,000;0,000;3,000;300,000
19-Automated-Software-Engineering-Conference;AB;82,000;73,000;23,000;43,000;40,000;52,200;303,000;256,000;80,000;127,000;127,000;178,600;3,793;3,836;3,696;3,186;3,325;3,567;1,026;1,094;1,063;1,079;1,047;1,062;73,927;79,688;77,500;90,551;80,417;18,482;7,422;13,750;9,449;12,276;50,000;45,205;43,478;81,395;55,020;8,537;4,110;4,348;4,651;5,411;3,716;3,492;3,325;3,150;3,071;3,913;0,012;0,014;0,042;0,025;0,024;0,005;75,000;56,000;19,000;36,000;35,000;135,000;75,000;56,000;19,000;36,000;35,000;131,000;1,065;1,314;1,222;1,145;1,239;2,786;0,000;0,000;0,000;0,000;0,000;0,956;732,000
20-IEEE-IFIP-International-Conference-on-Dependable-Systems;AB;82,000;57,000;51,000;52,000;65,000;61,400;304,000;210,000;172,000;177,000;222,000;217,000;4,037;3,772;3,510;3,692;3,615;3,725;1,089;1,024;1,041;1,085;1,059;1,059;80,592;73,333;84,884;79,661;79,618;8,882;12,381;6,977;20,339;12,145;47,561;42,105;66,667;59,615;53,987;2,439;5,263;5,882;11,538;6,281;3,776;3,305;3,093;3,469;3,189;3,841;0,012;0,016;0,018;0,020;0,014;0,004;66,000;52,000;44,000;43,000;59,000;164,000;66,000;52,000;44,000;43,000;59,000;163,000;1,237;1,141;1,217;1,159;1,048;2,212;0,000;0,000;0,000;0,000;0,000;1,101;908,000
27-International-Symposium-on-Memory-Management;AB;11,000;11,000;12,000;13,000;13,000;12,000;28,000;31,000;39,000;41,000;33,000;34,400;2,818;2,909;3,667;3,308;2,615;3,063;1,107;1,032;1,128;1,049;1,030;1,069;82,143;58,065;79,487;90,244;77,485;10,714;16,129;17,949;9,756;13,637;54,545;27,273;58,333;84,615;56,192;0,000;18,182;8,333;0,000;6,629;2,071;2,194;3,795;3,463;2,000;3,197;0,077;0,073;0,100;0,087;0,063;0,023;10,000;10,000;10,000;12,000;12,000;37,000;10,000;10,000;10,000;12,000;12,000;36,000;1,000;1,081;1,039;1,000;1,154;1,803;0,000;0,000;0,000;0,000;0,000;1,408;142,000
4-International-Symposium-on-Automated-Technology-for-Verification-and-Analysis;AB;29,000;37,000;30,000;39,000;31,000;33,200;101,000;111,000;94,000;118,000;84,000;101,600;3,552;3,216;3,300;3,180;2,774;3,204;1,020;1,072;1,053;1,051;1,024;1,044;66,337;66,667;68,085;86,441;71,882;17,822;18,018;25,532;13,559;18,733;41,379;29,730;46,667;71,795;47,393;6,897;13,514;13,333;5,128;9,718;3,505;2,757;2,957;3,017;2,357;3,488;0,035;0,025;0,032;0,026;0,028;0,009;27,000;30,000;25,000;35,000;29,000;77,000;27,000;30,000;25,000;35,000;29,000;74,000;1,048;1,227;1,187;1,068;1,108;2,583;0,000;0,000;0,000;0,000;0,000;1,023;391,000
46-IEEE-Computer-Security-Foundations-Symposium-;AB;29,000;19,000;25,000;21,000;23,000;23,400;97,000;61,000;71,000;58,000;58,000;69,000;3,552;3,263;3,040;2,905;2,696;3,091;1,062;1,016;1,070;1,052;1,069;1,054;61,856;67,213;70,423;79,310;69,700;13,402;19,672;9,859;20,690;15,906;37,931;31,579;48,000;57,143;43,663;6,897;10,526;12,000;9,524;9,737;3,237;2,721;2,648;2,379;2,310;3,302;0,034;0,045;0,038;0,042;0,041;0,013;25,000;18,000;21,000;19,000;19,000;55,000;25,000;18,000;21,000;19,000;19,000;48,000;1,360;1,024;1,401;1,152;1,256;4,646;0,000;0,000;0,000;0,000;0,000;1,176;255,000
47-International-Conference-on-Coordination-Models-and-Languages;AB;12,000;17,000;18,000;14,000;12,000;14,600;30,000;47,000;51,000;37,000;28,000;38,600;2,583;2,941;2,889;2,714;2,417;2,709;1,033;1,064;1,020;1,027;1,036;1,036;56,667;68,085;90,196;94,595;77,386;16,667;17,021;3,922;5,405;10,754;33,333;52,941;88,889;85,714;65,219;25,000;11,765;0,000;0,000;9,191;1,867;2,255;2,353;2,486;2,071;2,506;0,064;0,049;0,047;0,069;0,077;0,016;11,000;15,000;17,000;13,000;11,000;46,000;11,000;15,000;17,000;13,000;11,000;46,000;1,067;1,054;1,016;1,115;1,094;1,579;0,000;0,000;0,000;0,000;0,000;0,633;158,000
49-ACM-SIGSOFT-International-Symposium-on-the-Foundations-of-Software-Engineering;AB;31,000;30,000;25,000;23,000;21,000;26,000;83,000;82,000;72,000;46,000;55,000;67,600;3,226;3,100;3,360;2,391;2,952;3,006;1,205;1,134;1,167;1,196;1,127;1,166;39,759;52,439;76,389;78,261;61,712;36,145;29,268;16,667;21,739;25,955;9,677;13,333;48,000;52,174;30,796;32,258;26,667;24,000;17,391;25,079;3,205;3,073;3,444;2,000;3,127;4,180;0,039;0,038;0,049;0,044;0,058;0,019;22,000;22,000;18,000;16,000;16,000;32,000;22,000;22,000;17,000;16,000;15,000;26,000;1,199;1,197;1,577;1,302;1,789;3,872;0,000;0,000;0,000;0,000;0,000;4,955;222,000
50-International-Symposium-on-Software-Reliability-Engineering;AB;31,000;46,000;38,000;27,000;42,000;36,800;101,000;162,000;123,000;79,000;128,000;118,600;3,323;3,630;3,395;3,000;3,238;3,317;1,020;1,031;1,049;1,025;1,063;1,037;68,317;75,926;79,675;75,949;74,967;17,822;14,815;15,447;24,051;18,034;29,032;58,696;55,263;51,852;48,711;6,452;6,522;7,895;3,704;6,143;2,792;3,062;3,138;2,532;2,906;3,389;0,028;0,019;0,026;0,032;0,023;0,007;29,000;42,000;32,000;25,000;37,000;97,000;29,000;42,000;32,000;25,000;37,000;97,000;1,034;1,200;1,246;1,057;1,101;1,657;0,000;0,000;0,000;0,000;0,000;1,046;478,000
56-IEEE-International-Requirements-Engineering-Conference;AB;52,000;38,000;35,000;33,000;38,000;39,200;153,000;103,000;121,000;96,000;117,000;118,000;3,173;2,842;3,657;3,151;3,289;3,223;1,078;1,048;1,058;1,083;1,068;1,067;67,974;73,786;71,074;76,042;72,219;12,418;19,417;17,355;23,958;18,287;40,385;50,000;57,143;48,485;49,003;7,692;13,158;14,286;6,061;10,299;3,281;2,524;3,851;2,958;2,991;3,737;0,022;0,025;0,032;0,031;0,026;0,008;41,000;34,000;29,000;25,000;30,000;90,000;41,000;34,000;29,000;25,000;30,000;84,000;1,463;1,091;1,552;1,241;1,500;3,709;0,000;0,000;0,000;0,000;0,000;1,974;456,000
6-International-Symposium-on-Microarchitecture;AB;53,000;39,000;40,000;44,000;45,000;44,200;192,000;145,000;152,000;153,000;168,000;162,000;4,076;4,051;4,100;3,954;3,889;4,014;1,125;1,090;1,079;1,137;1,042;1,095;72,917;63,448;78,289;86,928;75,396;12,500;20,000;15,789;13,072;15,340;37,736;30,769;45,000;61,364;43,717;5,660;20,513;7,500;6,818;10,123;4,219;4,166;4,066;3,922;3,702;4,724;0,022;0,029;0,027;0,026;0,022;0,007;36,000;33,000;28,000;35,000;38,000;86,000;35,000;33,000;28,000;34,000;38,000;78,000;1,920;1,120;1,645;1,332;1,259;5,287;0,000;0,000;0,000;0,000;0,000;1,534;652,000
60-Eurosys-Conference;AB;27,000;28,000;27,000;24,000;27,000;26,600;130,000;123,000;116,000;98,000;112,000;115,800;5,037;4,607;4,370;4,125;4,259;4,480;1,046;1,049;1,017;1,010;1,027;1,030;86,154;85,366;77,586;91,837;85,236;0,769;8,943;15,517;8,163;8,348;55,556;60,714;55,556;79,167;62,748;0,000;0,000;3,704;0,000;0,926;4,923;4,602;4,328;3,673;4,411;4,861;0,038;0,038;0,038;0,038;0,040;0,010;24,000;23,000;25,000;23,000;24,000;80,000;24,000;23,000;25,000;23,000;24,000;78,000;1,118;1,266;1,035;1,022;1,160;2,049;0,000;0,000;0,000;0,000;0,000;0,196;509,000
61-Security-and-Privacy-for-Communication-Networks;AB;79,000;26,000;21,000;34,000;28,000;37,600;263,000;88,000;63,000;104,000;91,000;121,800;3,658;3,692;3,000;3,147;3,393;3,378;1,099;1,091;1,000;1,029;1,044;1,053;85,932;93,182;92,063;93,269;91,112;5,703;1,136;4,762;6,731;4,583;60,759;80,769;76,190;85,294;75,753;2,532;0,000;0,000;5,882;2,103;3,331;3,295;2,317;2,596;3,033;3,271;0,013;0,038;0,037;0,025;0,034;0,006;58,000;21,000;21,000;31,000;25,000;123,000;58,000;21,000;21,000;31,000;25,000;122,000;1,638;1,197;1,000;1,082;1,132;2,311;0,000;0,000;0,000;0,000;0,000;0,542;554,000
65-IFIP-Joint-International-Conference-on-Formal-Description-Techniques-and-Protocol-Specification-Testing-And-Verification;AB;18,000;21,000;23,000;32,000;39,000;26,600;61,000;55,000;66,000;87,000;94,000;72,600;3,500;2,714;2,957;2,813;2,410;2,879;1,033;1,036;1,030;1,035;1,000;1,027;91,803;69,091;78,788;91,954;82,909;6,557;20,000;13,636;8,046;12,060;77,778;47,619;65,217;84,375;68,747;0,000;14,286;0,000;6,250;5,134;3,049;2,109;2,333;2,529;1,787;2,531;0,051;0,039;0,036;0,029;0,019;0,008;17,000;19,000;22,000;30,000;39,000;98,000;17,000;19,000;22,000;30,000;39,000;98,000;1,011;1,111;1,013;1,060;1,000;1,396;0,000;0,000;0,000;0,000;0,000;0,000;320,000
66-International-Conference-on-Compiler-Construction;AB;15,000;13,000;12,000;15,000;17,000;14,400;51,000;39,000;46,000;37,000;45,000;43,600;3,400;3,000;3,833;2,600;2,647;3,096;1,000;1,000;1,000;1,054;1,000;1,011;94,118;84,615;86,957;78,378;86,017;0,000;2,564;10,870;21,622;8,764;80,000;84,615;75,000;60,000;74,904;0,000;0,000;0,000;13,333;3,333;2,902;2,718;3,870;2,324;2,044;3,026;0,058;0,072;0,086;0,065;0,046;0,016;15,000;13,000;12,000;13,000;17,000;55,000;15,000;13,000;12,000;13,000;17,000;55,000;1,000;1,000;1,000;1,140;1,000;1,455;0,000;0,000;0,000;0,000;0,000;0,000;195,000
69-European-Conference-on-Software-Architecture;AB;34,000;27,000;39,000;43,000;24,000;33,400;101,000;71,000;113,000;121,000;71,000;95,400;3,147;2,852;3,128;2,907;3,000;3,007;1,059;1,084;1,080;1,033;1,014;1,054;74,257;73,239;81,416;95,041;80,989;12,871;16,901;13,274;4,959;12,001;47,059;37,037;64,103;88,372;59,143;11,765;7,407;5,128;2,326;6,656;2,574;2,225;2,903;2,711;2,620;2,983;0,026;0,032;0,026;0,023;0,037;0,007;29,000;22,000;31,000;40,000;23,000;100,000;29,000;22,000;31,000;40,000;23,000;97,000;1,198;1,333;1,264;1,024;1,041;2,471;0,000;0,000;0,000;0,000;0,000;0,988;405,000
70-IEEE-Symposium-on-Field-Programmable-Custom-Computing-Machines;AB;22,000;19,000;22,000;21,000;22,000;21,200;78,000;67,000;99,000;84,000;70,000;79,600;3,864;3,789;4,636;4,143;3,227;3,932;1,090;1,075;1,030;1,036;1,014;1,049;78,205;76,119;84,848;89,286;82,115;6,410;13,433;9,091;10,714;9,912;54,545;31,579;59,091;66,667;52,970;9,091;5,263;0,000;0,000;3,589;4,846;3,881;4,646;4,071;2,743;4,610;0,063;0,059;0,047;0,049;0,040;0,014;18,000;15,000;19,000;18,000;21,000;55,000;17,000;14,000;19,000;18,000;21,000;53,000;1,488;1,343;1,087;1,109;1,094;2,142;0,000;0,000;0,000;0,000;0,000;0,587;341,000
81-International-Conference-on-Principles-and-Practice-of-Constraint-Programming;AB;67,000;60,000;68,000;59,000;48,000;60,400;163,000;161,000;172,000;142,000;124,000;152,400;3,030;3,150;2,956;2,915;2,917;2,994;1,245;1,174;1,169;1,211;1,129;1,186;55,215;52,174;63,953;80,282;62,906;24,540;34,161;25,000;19,718;25,855;22,388;20,000;32,353;55,932;32,668;20,896;25,000;19,118;15,254;20,067;2,945;2,994;2,849;2,746;2,806;3,617;0,018;0,019;0,017;0,019;0,023;0,007;43,000;39,000;44,000;40,000;36,000;82,000;42,000;38,000;44,000;39,000;36,000;74,000;1,638;1,840;1,636;1,935;1,420;6,252;0,613;0,621;0,581;0,000;0,000;5,364;522,000
86-International-Conference-on-Virtual-Execution-Environments;AB;18,000;18,000;20,000;20,000;14,000;18,000;66,000;65,000;83,000;68,000;62,000;68,800;4,111;3,778;4,350;3,550;4,500;4,058;1,121;1,046;1,048;1,044;1,016;1,055;75,758;92,308;87,952;100,000;89,004;9,091;1,538;7,229;0,000;4,465;55,556;72,222;65,000;100,000;73,194;0,000;0,000;10,000;0,000;2,500;3,848;3,877;4,145;3,412;4,419;4,198;0,059;0,061;0,051;0,051;0,072;0,013;16,000;16,000;17,000;18,000;13,000;61,000;16,000;16,000;17,000;18,000;13,000;61,000;1,023;1,031;1,181;1,072;1,105;1,399;0,000;0,000;0,000;0,000;0,000;0,000;313,000
92-International-Symposium-on-Empirical-Software-Engineering-and-Measurement;AB;38,000;34,000;25,000;42,000;50,000;37,800;127,000;122,000;81,000;128,000;131,000;117,800;3,553;3,853;3,440;3,238;2,940;3,405;1,063;1,074;1,062;1,063;1,122;1,077;66,929;77,049;76,543;85,938;76,615;20,472;7,377;13,580;14,063;13,873;36,842;47,059;44,000;66,667;48,642;15,789;0,000;16,000;2,381;8,543;3,181;3,672;2,840;2,969;2,870;3,593;0,025;0,030;0,035;0,023;0,022;0,007;32,000;26,000;21,000;36,000;36,000;87,000;32,000;26,000;21,000;36,000;36,000;86,000;1,129;1,266;1,212;1,191;1,531;2,097;0,000;0,000;0,000;0,000;0,000;1,660;482,000
94-European-Symposium-on-Programming;AB;29,000;30,000;29,000;25,000;31,000;28,800;87,000;82,000;80,000;62,000;84,000;79,000;3,034;3,000;2,931;2,560;2,710;2,847;1,012;1,098;1,063;1,032;1,000;1,041;78,161;69,512;87,500;96,774;82,987;6,897;17,073;7,500;3,226;8,674;48,276;46,667;65,517;92,000;63,115;6,897;20,000;3,448;4,000;8,586;2,414;2,537;2,600;2,065;2,310;2,673;0,028;0,031;0,033;0,034;0,028;0,008;28,000;24,000;26,000;23,000;31,000;91,000;28,000;24,000;25,000;23,000;31,000;90,000;1,028;1,302;1,465;1,158;1,000;2,367;0,000;0,000;0,000;0,000;0,000;0,000;339,000
95-ACM-IFIP-USENIX-International-Middleware-Conference;AB;27,000;25,000;24,000;25,000;19,000;24,000;95,000;92,000;79,000;101,000;80,000;89,400;3,741;3,880;3,333;4,280;4,579;3,963;1,063;1,054;1,013;1,059;1,087;1,055;85,263;81,522;87,342;85,149;84,819;8,421;7,609;11,392;14,851;10,568;55,556;56,000;75,000;76,000;65,639;0,000;8,000;4,167;0,000;3,042;3,221;4,065;2,785;4,198;4,175;4,020;0,034;0,045;0,036;0,042;0,053;0,010;22,000;22,000;23,000;20,000;17,000;71,000;22,000;22,000;23,000;20,000;17,000;71,000;1,207;1,074;1,052;1,203;1,056;1,848;0,000;0,000;0,000;0,000;0,000;1,023;391,000
98-Tools-and-Algorithms-for-Construction-and-Analysis-of-Systems;AB;44,000;43,000;37,000;28,000;32,000;36,800;132,000;139,000;141,000;90,000;95,000;119,400;3,136;3,302;3,811;3,214;3,156;3,324;1,046;1,022;1,000;1,000;1,063;1,026;76,515;76,978;87,943;88,889;82,581;15,909;13,669;9,929;11,111;12,655;50,000;60,465;70,270;82,143;65,720;11,364;11,628;2,703;0,000;6,424;2,985;2,820;5,631;2,511;2,779;3,870;0,023;0,020;0,040;0,028;0,030;0,008;39,000;41,000;37,000;28,000;27,000;116,000;39,000;41,000;37,000;28,000;27,000;116,000;1,179;1,090;1,000;1,000;1,302;1,894;0,000;0,000;0,000;0,000;0,000;0,789;507,000
99-Foundations-of-Software-Science-and-Computational-Structures;AB;29,000;28,000;31,000;31,000;25,000;28,800;69,000;61,000;83,000;64,000;64,000;68,200;2,621;2,286;2,903;2,097;2,560;2,493;1,101;1,049;1,084;1,016;1,000;1,050;65,217;77,049;84,337;90,625;79,307;8,696;8,197;6,024;9,375;8,073;48,276;57,143;77,419;87,097;67,484;13,793;14,286;3,226;3,226;8,633;2,464;1,738;2,482;1,594;1,875;2,373;0,036;0,029;0,030;0,025;0,030;0,008;24,000;25,000;27,000;30,000;25,000;90,000;24,000;25,000;27,000;30,000;25,000;88,000;1,220;1,102;1,202;1,019;1,000;3,424;0,000;0,000;0,000;0,000;0,000;0,352;284,000
100-International-Conference-on-network-and-System-Security;B;47,000;71,000;39,000;56,000;88,000;60,200;157,000;222,000;103,000;156,000;233,000;174,200;3,660;3,408;2,923;2,893;2,954;3,168;1,095;1,090;1,107;1,038;1,116;1,089;75,796;87,387;92,233;92,308;86,931;15,924;7,207;3,883;7,692;8,677;38,298;74,648;84,615;89,286;71,712;2,128;2,817;5,128;1,786;2,965;3,299;3,081;2,311;2,308;2,627;2,961;0,021;0,014;0,023;0,015;0,011;0,004;36,000;56,000;34,000;51,000;68,000;196,000;36,000;56,000;34,000;51,000;68,000;196,000;1,264;1,430;1,156;1,095;1,249;2,199;0,000;0,450;0,000;0,000;0,429;0,637;785,000
102-ACM-Symposium-on-Information-Computer-and-Communications-Security;B;50,000;60,000;61,000;31,000;32,000;46,800;183,000;199,000;178,000;105,000;107,000;154,400;3,780;3,633;3,246;3,548;3,500;3,542;1,033;1,095;1,112;1,048;1,047;1,067;74,317;80,905;85,955;90,476;82,913;13,115;13,065;6,180;9,524;10,471;38,000;51,667;59,016;77,419;56,526;2,000;1,667;1,639;3,226;2,133;3,464;3,548;3,112;3,048;3,533;3,828;0,019;0,018;0,018;0,029;0,033;0,006;45,000;46,000;47,000;27,000;29,000;118,000;45,000;46,000;46,000;27,000;29,000;114,000;1,092;1,460;1,981;1,192;1,074;3,999;0,000;0,000;0,562;0,000;0,000;1,074;652,000
16-International-Conference-on-Software-Engineering-and-Knowledge-Engineering;B;103,000;107,000;105,000;109,000;105,000;105,800;322,000;325,000;336,000;325,000;306,000;322,800;3,437;3,365;3,409;3,413;3,076;3,340;1,099;1,108;1,066;1,145;1,056;1,095;70,497;71,077;72,917;87,692;75,546;17,702;18,769;22,024;12,308;17,701;37,864;44,860;48,571;63,303;48,650;10,680;11,215;9,524;3,670;8,772;3,043;3,034;3,155;3,237;2,641;3,437;0,009;0,009;0,009;0,010;0,009;0,003;79,000;86,000;88,000;83,000;92,000;260,000;79,000;86,000;88,000;83,000;92,000;258,000;1,245;1,182;1,321;1,234;1,132;2,127;0,000;0,000;0,000;0,000;0,000;2,318;1294,000
17-International-Conference-on-Software-Language-Engineering;B;19,000;20,000;21,000;21,000;24,000;21,000;60,000;78,000;75,000;49,000;63,000;65,000;3,474;4,250;3,619;2,667;3,000;3,402;1,100;1,090;1,013;1,143;1,143;1,098;71,667;67,949;84,000;85,714;77,332;11,667;23,077;9,333;14,286;14,591;21,053;40,000;71,429;76,190;52,168;5,263;15,000;9,524;4,762;8,637;3,267;8,128;3,493;2,327;2,730;4,985;0,055;0,106;0,047;0,048;0,044;0,019;15,000;17,000;20,000;16,000;17,000;50,000;15,000;16,000;20,000;16,000;17,000;46,000;1,216;1,222;1,008;1,186;1,345;2,056;0,000;0,000;0,000;0,000;0,000;1,894;264,000
2-International-Conference-on-Software-Composition;B;86,000;96,000;77,000;56,000;67,000;76,400;481,000;464,000;352,000;268,000;364,000;385,800;6,116;5,167;5,104;4,982;5,716;5,417;1,094;1,069;1,117;1,041;1,052;1,074;70,270;78,233;81,250;93,657;80,852;16,216;12,500;12,784;6,343;11,961;25,581;36,458;49,351;73,214;46,151;9,302;3,125;3,896;0,000;4,081;12,857;6,017;5,955;5,851;38,984;16,323;0,027;0,013;0,017;0,022;0,107;0,010;60,000;75,000;53,000;50,000;51,000;140,000;58,000;75,000;52,000;50,000;50,000;124,000;1,907;1,689;2,128;1,133;2,136;6,620;0,208;0,000;0,000;0,000;0,000;1,436;1602,000
21-International-Conference-on-Generative-Programming-and-Component-Engineering;B;13,000;17,000;14,000;18,000;18,000;16,000;44,000;59,000;49,000;61,000;52,000;53,000;3,385;3,823;3,643;3,611;2,889;3,470;1,000;1,102;1,041;1,066;1,000;1,042;81,818;81,356;83,673;93,443;85,073;4,545;3,390;4,082;6,557;4,644;46,154;35,294;50,000;83,333;53,695;15,385;5,882;7,143;0,000;7,102;3,091;3,966;3,388;3,279;2,115;3,556;0,072;0,068;0,071;0,055;0,041;0,015;13,000;13,000;12,000;15,000;18,000;48,000;13,000;13,000;12,000;15,000;18,000;46,000;1,000;1,209;1,098;1,291;1,000;2,532;0,000;0,000;0,000;0,000;0,000;0,427;234,000
26-Dynamic-Languages-Symposium;B;13,000;9,000;10,000;9,000;8,000;9,800;47,000;26,000;34,000;29,000;20,000;31,200;4,000;3,111;3,500;3,222;2,500;3,267;1,106;1,077;1,029;1,000;1,000;1,043;87,234;84,615;91,176;100,000;90,756;6,383;15,385;8,824;0,000;7,648;61,538;66,667;70,000;100,000;74,551;0,000;0,000;0,000;0,000;0,000;3,532;2,769;3,059;3,517;2,100;3,343;0,077;0,111;0,093;0,126;0,111;0,024;10,000;8,000;9,000;9,000;8,000;33,000;10,000;7,000;9,000;9,000;8,000;33,000;1,182;1,345;1,071;1,000;1,000;1,443;0,000;0,000;0,000;0,000;0,000;0,699;143,000
28-International-Computer-Software-and-Applications-Conference;B;71,000;88,000;77,000;86,000;62,000;76,800;240,000;287,000;247,000;276,000;207,000;251,400;3,690;3,477;3,416;3,407;3,645;3,527;1,092;1,066;1,065;1,062;1,092;1,075;82,083;82,927;79,757;93,841;84,652;7,083;9,756;14,170;6,159;9,292;53,521;60,227;57,143;87,209;64,525;4,225;5,682;11,688;2,326;5,980;3,283;3,199;3,166;2,891;3,304;3,455;0,014;0,011;0,013;0,011;0,016;0,003;59,000;73,000;67,000;80,000;52,000;236,000;59,000;73,000;67,000;80,000;52,000;235,000;1,113;1,529;1,141;1,032;1,197;1,962;0,000;0,000;0,000;0,000;0,000;0,911;1098,000
3-International-Conference-on-Computer-Safety-Reliability-and-Security;B;23,000;27,000;33,000;34,000;34,000;30,200;84,000;99,000;105,000;135,000;112,000;107,000;3,696;3,667;3,212;4,324;3,441;3,668;1,012;1,000;1,010;1,089;1,045;1,031;65,476;75,758;77,143;100,000;79,594;9,524;15,152;11,429;0,000;9,026;39,130;59,259;54,545;100,000;63,234;17,391;14,815;6,061;0,000;9,567;3,357;3,596;2,610;4,711;3,857;4,127;0,040;0,037;0,025;0,035;0,035;0,009;22,000;27,000;32,000;26,000;29,000;93,000;22,000;27,000;32,000;26,000;29,000;91,000;1,078;1,000;1,028;1,335;1,122;1,853;0,000;0,000;0,000;0,000;0,000;0,000;458,000
30-Symposium-On-Usable-Privacy-and-Security;B;21,000;15,000;12,000;13,000;14,000;15,000;66,000;63,000;41,000;44,000;42,000;51,200;3,524;4,467;3,417;3,539;3,214;3,632;1,121;1,064;1,000;1,046;1,071;1,060;71,212;87,302;73,171;90,909;80,648;24,242;3,175;19,512;9,091;14,005;42,857;53,333;66,667;69,231;58,022;9,524;0,000;0,000;0,000;2,381;3,182;4,444;2,780;3,455;3,476;3,963;0,049;0,072;0,070;0,080;0,085;0,019;15,000;13,000;12,000;11,000;11,000;44,000;15,000;13,000;12,000;11,000;11,000;40,000;1,396;1,336;1,000;1,224;1,232;2,616;0,000;0,000;0,000;0,000;0,000;0,467;214,000
31-Asia-Pacific-Software-Engineering-Conference;B;59,000;103,000;100,000;49,000;47,000;71,600;192,000;314,000;286,000;158,000;156,000;221,200;3,814;3,330;3,360;3,347;3,511;3,472;1,172;1,092;1,175;1,038;1,058;1,107;72,396;71,019;84,615;91,772;79,951;17,708;23,567;9,441;8,228;14,736;37,288;40,777;59,000;79,592;54,164;10,169;13,592;3,000;0,000;6,690;3,750;3,045;2,944;2,924;3,141;3,556;0,020;0,010;0,010;0,019;0,020;0,004;50,000;79,000;78,000;45,000;41,000;178,000;50,000;79,000;78,000;45,000;41,000;178,000;1,149;1,272;1,362;1,061;1,140;1,778;0,000;0,318;0,000;0,000;0,000;1,768;905,000
34-International-Conference-on-Information-Systems-Security;B;27,000;29,000;24,000;24,000;16,000;24,000;85,000;80,000;69,000;77,000;50,000;72,200;3,222;3,103;2,875;3,208;3,313;3,144;1,023;1,125;1,000;1,000;1,060;1,042;88,235;71,250;82,609;97,403;84,874;8,235;16,250;13,043;2,597;10,032;66,667;55,172;70,833;91,667;71,085;0,000;17,241;4,167;0,000;5,352;2,612;2,750;2,435;2,779;2,880;2,904;0,031;0,035;0,036;0,037;0,059;0,009;25,000;23,000;24,000;24,000;15,000;85,000;25,000;23,000;24,000;24,000;15,000;85,000;1,083;1,191;1,000;1,000;1,000;1,520;0,000;0,000;0,000;0,000;0,000;0,955;314,000
37-Conference-on-Agile-Software-Development;B;6,000;20,000;26,000;36,000;8,000;19,200;18,000;43,000;51,000;63,000;18,000;38,600;3,000;2,200;2,000;1,833;2,750;2,357;1,000;1,023;1,020;1,048;1,222;1,063;83,333;65,116;96,078;90,476;83,751;11,111;20,930;3,922;9,524;11,372;66,667;60,000;96,154;86,111;77,233;16,667;15,000;0,000;8,333;10,000;3,000;2,140;1,765;1,302;2,000;1,904;0,176;0,051;0,035;0,021;0,118;0,011;6,000;19,000;25,000;33,000;6,000;76,000;6,000;19,000;25,000;33,000;6,000;76,000;1,000;1,148;1,118;1,167;1,182;1,540;0,000;0,000;0,000;0,000;0,000;1,198;167,000
38-European-Conference-on-Pattern-Languages-of-Programs;B;35,000;11,000;39,000;31,000;35,000;30,200;73,000;28,000;67,000;50,000;57,000;55,000;2,571;2,546;1,846;1,677;1,857;2,100;1,233;1,000;1,075;1,040;1,140;1,098;75,342;92,857;53,731;68,000;72,483;15,068;7,143;31,343;32,000;21,389;37,143;81,818;33,333;54,839;51,783;17,143;9,091;35,897;32,258;23,597;2,712;1,929;1,373;1,160;1,263;2,115;0,038;0,071;0,021;0,024;0,023;0,010;25,000;11,000;36,000;29,000;30,000;79,000;25,000;11,000;36,000;29,000;30,000;79,000;1,298;1,000;1,061;1,065;1,122;1,421;1,370;0,000;0,000;0,000;0,000;2,404;208,000
41-International-Conference-on-Availability-Reliability-and-Security;B;74,000;105,000;80,000;141,000;103,000;100,600;216,000;321,000;215,000;347,000;287,000;277,200;3,095;3,257;3,138;2,773;3,010;3,054;1,060;1,065;1,167;1,127;1,080;1,100;68,981;77,570;76,744;89,625;78,230;25,000;12,150;16,744;10,375;16,067;48,649;54,286;53,750;77,305;58,497;13,514;10,476;16,250;4,965;11,301;2,741;2,991;2,865;2,490;2,571;3,022;0,013;0,009;0,013;0,007;0,009;0,003;64,000;90,000;63,000;110,000;89,000;288,000;64,000;90,000;63,000;110,000;89,000;288,000;1,181;1,166;1,147;1,216;1,091;1,888;0,000;0,000;0,465;0,000;0,000;1,550;1161,000
44-International-Conference-on-Principles-and-Practice-of-Declarative-Programming;B;24,000;26,000;19,000;16,000;23,000;21,600;62,000;72,000;53,000;49,000;41,000;55,400;2,625;2,846;2,789;3,125;1,913;2,660;1,016;1,028;1,000;1,020;1,073;1,028;79,032;83,333;100,000;100,000;90,591;4,839;2,778;0,000;0,000;1,904;58,333;80,769;100,000;100,000;84,776;8,333;3,846;0,000;0,000;3,045;2,290;2,194;2,340;2,898;1,317;2,333;0,038;0,031;0,045;0,060;0,033;0,009;23,000;24,000;19,000;15,000;21,000;87,000;23,000;24,000;19,000;15,000;21,000;87,000;1,053;1,060;1,000;1,078;1,036;1,179;0,000;0,000;0,000;0,000;0,000;0,000;252,000
45-International-Conference-on-Model-Transformation;B;14,000;13,000;19,000;15,000;18,000;15,800;46,000;41,000;54,000;59,000;49,000;49,800;3,429;3,385;2,947;4,000;3,278;3,408;1,043;1,073;1,037;1,017;1,204;1,075;69,565;60,976;59,259;83,051;68,213;10,870;24,390;31,481;16,949;20,923;35,714;23,077;36,842;86,667;45,575;7,143;30,769;26,316;0,000;16,057;3,435;3,171;2,630;4,576;2,939;3,936;0,076;0,079;0,050;0,079;0,061;0,021;13,000;11,000;17,000;14,000;13,000;36,000;13,000;10,000;17,000;14,000;13,000;36,000;1,013;1,323;1,101;1,022;1,283;1,754;0,000;0,000;0,000;0,000;0,000;1,604;187,000
5-International-Conference-on-Evaluation-of-Novel-Approaches-to-Software-Engineering;B;28,000;31,000;29,000;27,000;33,000;29,600;85,000;89,000;62,000;81,000;91,000;81,600;3,107;2,935;2,448;3,111;2,879;2,896;1,023;1,023;1,145;1,037;1,044;1,054;84,706;84,270;87,097;86,420;85,623;9,412;6,742;9,677;13,580;9,853;71,429;77,419;86,207;81,481;79,134;10,714;9,677;3,448;3,704;6,886;2,659;2,539;2,097;2,642;2,396;2,630;0,032;0,029;0,034;0,033;0,027;0,007;27,000;29,000;24,000;24,000;29,000;110,000;27,000;29,000;24,000;24,000;29,000;110,000;1,000;1,042;1,182;1,116;1,199;1,411;0,000;0,000;0,000;0,000;0,000;0,276;362,000
52-ACM-IEEE-International-Conference-on-Distributed-Smart-Cameras;B;40,000;40,000;38,000;42,000;30,000;38,000;132,000;122,000;115,000;126,000;77,000;114,400;3,650;3,475;3,553;3,524;2,800;3,400;1,106;1,139;1,174;1,175;1,091;1,137;72,727;58,197;79,130;84,921;73,744;14,394;29,508;16,522;15,079;18,876;55,000;37,500;42,105;69,048;50,913;17,500;12,500;10,526;7,143;11,917;3,379;3,148;3,478;3,238;2,364;3,606;0,026;0,026;0,031;0,026;0,031;0,008;30,000;31,000;27,000;32,000;25,000;92,000;30,000;31,000;27,000;32,000;25,000;90,000;1,350;1,094;1,506;1,247;1,195;2,026;0,000;0,000;0,870;0,000;0,000;2,715;442,000
54-International-Conference-on-Provable-Security;B;26,000;19,000;20,000;26,000;17,000;21,600;64,000;46,000;48,000;68,000;44,000;54,000;2,654;2,684;2,700;2,885;2,823;2,749;1,078;1,109;1,125;1,103;1,091;1,101;71,875;63,043;68,750;97,059;75,182;12,500;19,565;16,667;2,941;12,918;53,846;36,842;45,000;96,154;57,961;11,538;15,789;10,000;0,000;9,332;2,469;2,261;2,417;2,412;2,227;2,697;0,039;0,050;0,051;0,036;0,052;0,012;22,000;15,000;16,000;21,000;15,000;59,000;22,000;15,000;16,000;21,000;15,000;57,000;1,081;1,133;1,263;1,128;1,075;2,461;0,000;0,000;0,000;0,000;0,000;0,917;218,000
55-International-Conference-on-Reliable-Software-Technologies;B;13,000;11,000;15,000;18,000;19,000;15,200;28,000;30,000;35,000;39,000;40,000;34,400;2,539;2,727;2,400;2,278;2,368;2,462;1,179;1,000;1,029;1,051;1,125;1,077;53,571;76,667;74,286;87,179;72,926;10,714;3,333;14,286;12,821;10,288;38,462;54,545;53,333;77,778;56,030;38,462;9,091;13,333;0,000;15,221;2,000;2,000;1,657;2,103;2,100;2,261;0,074;0,069;0,049;0,055;0,054;0,017;10,000;11,000;14,000;16,000;16,000;45,000;10,000;11,000;14,000;16,000;16,000;45,000;1,176;1,000;1,033;1,196;1,106;1,607;0,000;0,000;0,000;0,000;0,000;2,899;138,000
57-International-Symposium-Component-Based-Software-Engineering;B;21,000;20,000;23,000;22,000;14,000;20,000;67,000;65,000;75,000;63,000;47,000;63,400;3,238;3,650;3,391;3,000;3,429;3,342;1,015;1,123;1,040;1,048;1,021;1,049;74,627;72,308;74,667;87,302;77,226;4,478;20,000;14,667;12,698;12,961;66,667;45,000;56,522;81,818;62,502;4,762;5,000;21,739;0,000;7,875;2,746;3,477;3,040;2,540;2,809;3,302;0,042;0,054;0,041;0,041;0,061;0,013;20,000;16,000;20,000;20,000;13,000;60,000;20,000;16,000;20,000;20,000;13,000;60,000;1,021;1,236;1,095;1,024;1,029;1,637;0,000;0,000;0,000;0,000;0,000;0,784;255,000
59-International-Conference-on-Formal-Engineering-Methods;B;29,000;28,000;31,000;41,000;43,000;34,400;95,000;97,000;92,000;111,000;108,000;100,600;3,586;3,893;3,290;3,000;2,791;3,312;1,095;1,124;1,109;1,108;1,111;1,109;77,895;68,041;70,652;88,288;76,219;12,632;14,433;14,130;11,712;13,227;51,724;32,143;41,935;75,610;50,353;0,000;17,857;9,677;4,878;8,103;3,116;4,124;3,065;2,667;2,296;3,372;0,033;0,043;0,034;0,024;0,021;0,008;25,000;21,000;27,000;35,000;36,000;99,000;25,000;20,000;27,000;35,000;36,000;97,000;1,213;1,965;1,175;1,145;1,114;2,458;1,053;0,000;0,000;0,000;0,000;1,460;411,000
62-Practical-Aspects-of-Declarative-Languages;B;15,000;17,000;20,000;17,000;19,000;17,600;38,000;47,000;55,000;41,000;39,000;44,000;2,600;3,059;2,800;2,529;2,158;2,629;1,026;1,106;1,018;1,049;1,051;1,050;68,421;78,723;92,727;90,244;82,529;2,632;8,511;3,636;9,756;6,134;53,333;58,824;85,000;82,353;69,877;26,667;5,882;0,000;5,882;9,608;2,053;2,723;2,691;2,195;1,641;2,558;0,055;0,059;0,050;0,055;0,043;0,014;14,000;14,000;19,000;16,000;17,000;60,000;14,000;14,000;19,000;16,000;17,000;60,000;1,170;1,086;1,039;1,000;1,135;1,226;0,000;0,000;0,000;0,000;0,000;0,000;190,000
64-Fundamental-Approaches-to-Software-Engineering;B;28,000;25,000;33,000;30,000;25,000;28,200;93,000;76,000;114,000;94,000;78,000;91,000;3,321;3,160;3,515;3,233;3,200;3,286;1,000;1,039;1,018;1,032;1,026;1,023;80,645;80,263;91,228;86,170;84,577;8,602;9,211;6,140;13,830;9,446;67,857;52,000;84,848;73,333;69,510;14,286;16,000;9,091;6,667;11,511;2,817;2,711;3,158;2,787;2,615;3,128;0,031;0,036;0,028;0,030;0,034;0,008;28,000;22,000;31,000;28,000;23,000;96,000;28,000;22,000;31,000;28,000;23,000;96,000;1,000;1,088;1,011;1,097;1,064;2,021;0,000;0,000;0,000;0,000;0,000;0,251;399,000
68-Computational-Intelligence-in-Security-for-Information-Systems;B;95,000;118,000;161,000;102,000;177,000;130,600;255,000;325,000;429,000;274,000;494,000;355,400;3,611;3,610;3,497;3,774;3,356;3,570;1,345;1,311;1,312;1,405;1,202;1,315;58,824;68,923;74,825;75,182;69,439;28,235;25,231;19,114;24,818;24,349;31,579;42,373;50,311;47,059;42,830;23,158;16,949;18,634;8,824;16,891;3,600;3,748;3,846;3,854;3,259;3,924;0,014;0,012;0,009;0,014;0,007;0,003;63,000;71,000;104,000;55,000;126,000;294,000;61,000;67,000;101,000;54,000;126,000;286,000;1,983;3,321;2,281;1,781;1,389;3,469;2,745;1,538;1,399;3,285;0,607;3,584;1395,000
72-International-Conference-on-Model-Driven-Engineering-Languages-and-Systems;B;41,000;47,000;50,000;49,000;56,000;48,600;150,000;153,000;152,000;152,000;153,000;152,000;3,976;3,468;3,360;3,490;3,161;3,491;1,087;1,065;1,105;1,125;1,157;1,108;63,333;66,013;64,474;80,921;68,685;17,333;20,915;23,026;19,079;20,088;31,707;27,660;32,000;65,306;39,168;9,756;14,894;6,000;2,041;8,173;4,667;3,098;2,829;3,171;3,007;4,053;0,031;0,020;0,019;0,021;0,020;0,007;32,000;38,000;42,000;41,000;46,000;102,000;32,000;38,000;42,000;41,000;46,000;98,000;1,279;1,472;1,115;1,216;1,199;4,257;0,000;0,000;0,658;0,000;0,000;3,333;570,000
73-International-Conference-on-Tests-and-Proofs;B;14,000;13,000;13,000;13,000;12,000;13,000;51,000;39,000;47,000;34,000;32,000;40,600;3,786;3,154;3,769;2,846;2,833;3,278;1,039;1,051;1,043;1,088;1,063;1,057;76,471;79,487;82,979;82,353;80,322;7,843;7,692;10,638;17,647;10,955;42,857;53,846;76,923;84,615;64,560;0,000;0,000;0,000;15,385;3,846;3,333;2,359;3,489;2,353;2,438;3,172;0,067;0,062;0,076;0,071;0,079;0,019;12,000;11,000;12,000;11,000;11,000;39,000;12,000;11,000;12,000;11,000;10,000;39,000;1,198;1,179;1,068;1,200;1,545;1,762;0,000;0,000;0,000;0,000;0,000;1,183;169,000
74-International-Conference-on-Information-and-Communications-Security;B;22,000;29,000;49,000;33,000;31,000;32,800;75,000;102,000;153,000;101,000;102,000;106,600;3,636;3,655;3,551;3,333;3,323;3,500;1,067;1,039;1,137;1,089;1,010;1,068;66,667;82,353;87,582;85,149;80,437;18,667;14,706;11,111;14,851;14,834;45,455;58,621;69,388;75,758;62,305;13,636;6,897;0,000;9,091;7,406;3,440;3,412;3,516;3,050;2,980;3,579;0,046;0,034;0,023;0,030;0,030;0,008;17,000;26,000;39,000;27,000;30,000;104,000;17,000;26,000;38,000;27,000;30,000;102,000;1,189;1,103;1,957;1,210;1,019;2,854;0,000;0,000;0,000;0,000;0,000;0,658;456,000
75-ASIAN-Symposium-on-Programming-Languages-and-Systems;B;25,000;25,000;24,000;24,000;30,000;25,600;64,000;62,000;73,000;64,000;85,000;69,600;2,600;2,560;3,083;2,667;2,833;2,749;1,016;1,032;1,014;1,000;1,000;1,012;82,813;85,484;94,521;92,188;88,751;7,813;1,613;1,370;7,813;4,652;56,000;64,000;83,333;87,500;72,708;8,000;0,000;0,000;8,333;4,083;2,000;1,968;2,521;2,219;2,635;2,483;0,032;0,032;0,035;0,035;0,031;0,008;24,000;23,000;23,000;24,000;30,000;98,000;24,000;23,000;23,000;24,000;30,000;98,000;1,045;1,103;1,032;1,000;1,000;1,313;0,000;0,000;0,000;0,000;0,000;0,000;319,000
76-International-Conference-on-Agile-Software-Development-;B;27,000;17,000;15,000;22,000;41,000;24,400;82,000;55,000;39,000;56,000;98,000;66,000;3,333;3,235;2,667;2,818;2,658;2,942;1,098;1,000;1,026;1,107;1,112;1,069;76,829;81,818;74,359;82,143;78,787;10,976;12,727;25,641;17,857;16,800;37,037;58,824;73,333;68,182;59,344;14,815;5,882;6,667;13,636;10,250;3,317;2,582;2,000;2,500;2,327;2,868;0,041;0,048;0,053;0,045;0,024;0,010;20,000;17,000;14,000;18,000;32,000;72,000;20,000;17,000;14,000;18,000;32,000;71,000;1,319;1,000;1,000;1,205;1,194;2,264;0,000;0,000;0,000;0,000;0,000;1,779;281,000
77-Conference-on-Security-and-Cryptography-for-Networks;B;33,000;31,000;27,000;26,000;25,000;28,400;76,000;78,000;64,000;62,000;54,000;66,800;2,576;2,806;2,667;2,461;2,360;2,574;1,118;1,115;1,125;1,032;1,093;1,097;80,263;78,205;81,250;87,097;81,704;11,842;16,667;14,063;12,903;13,869;54,545;45,161;44,444;69,231;53,345;9,091;12,903;0,000;0,000;5,499;2,342;2,590;2,500;1,774;1,741;2,603;0,031;0,034;0,040;0,029;0,033;0,009;25,000;24,000;21,000;24,000;21,000;69,000;25,000;24,000;21,000;24,000;21,000;67,000;1,320;1,252;1,196;1,068;1,217;2,402;0,000;0,000;0,000;0,000;0,000;1,773;282,000
80-Verification-Model-Checking-and-Abstract-Interpretation;B;26,000;29,000;28,000;26,000;23,000;26,400;71,000;85,000;75,000;71,000;65,000;73,400;2,731;3,034;2,750;2,885;2,957;2,871;1,000;1,035;1,027;1,056;1,046;1,033;74,648;65,882;82,667;83,099;76,574;9,859;11,765;14,667;16,901;13,298;50,000;44,828;67,857;57,692;55,094;11,538;13,793;3,571;3,846;8,187;2,310;2,518;2,213;2,507;2,800;2,915;0,033;0,030;0,030;0,036;0,044;0,010;26,000;27,000;26,000;22,000;21,000;72,000;26,000;27,000;26,000;22,000;21,000;70,000;1,000;1,036;1,088;1,110;1,090;3,191;0,000;0,000;0,000;0,000;0,000;1,356;295,000
82-Conference-on-the-Quality-of-Software-Architectures;B;15,000;18,000;18,000;11,000;13,000;15,000;54,000;58,000;43,000;38,000;50,000;48,600;3,600;3,333;2,500;3,818;3,846;3,420;1,000;1,035;1,046;1,105;1,000;1,037;83,333;68,966;95,349;86,842;83,622;11,111;22,414;4,651;13,158;12,833;60,000;55,556;88,889;63,636;67,020;0,000;16,667;0,000;0,000;4,167;2,926;2,897;2,093;3,263;4,640;3,512;0,055;0,051;0,050;0,088;0,095;0,017;15,000;17,000;16,000;9,000;13,000;50,000;15,000;17,000;16,000;8,000;13,000;49,000;1,000;1,000;1,182;1,442;1,000;2,556;0,000;0,000;0,000;0,000;0,000;0,478;209,000
85-IEEE-International-Symposium-on-High-Assurance-Systems-Engineering;B;33,000;25,000;45,000;17,000;42,000;32,400;102,000;85,000;144,000;48,000;111,000;98,000;3,212;3,720;3,533;2,823;2,929;3,244;1,039;1,094;1,104;1,000;1,108;1,069;81,373;82,353;89,583;89,583;85,723;7,843;12,941;6,944;10,417;9,536;63,636;60,000;71,111;88,235;70,746;6,061;4,000;2,222;5,882;4,541;2,745;3,459;3,250;2,333;2,523;3,147;0,027;0,041;0,023;0,050;0,023;0,007;29,000;22,000;36,000;17,000;34,000;107,000;29,000;22,000;36,000;17,000;34,000;107,000;1,073;1,087;1,257;1,000;1,167;1,430;0,000;0,000;0,000;0,000;0,000;0,459;436,000
87-International-Conference-on-Software-Engineering-and-Formal-Methods;B;29,000;21,000;26,000;32,000;33,000;28,200;89,000;60,000;81,000;100,000;88,000;83,600;3,069;2,857;3,231;3,125;2,727;3,002;1,000;1,000;1,037;1,000;1,023;1,012;88,764;85,000;92,593;99,000;91,339;6,742;5,000;3,704;1,000;4,111;68,966;66,667;84,615;96,875;79,281;3,448;0,000;0,000;3,125;1,643;2,539;2,133;2,667;2,700;2,091;2,592;0,029;0,036;0,033;0,027;0,024;0,007;29,000;21,000;23,000;32,000;31,000;114,000;29,000;21,000;23,000;32,000;31,000;114,000;1,000;1,000;1,169;1,000;1,042;1,204;0,000;0,000;0,000;0,000;0,000;0,000;392,000
88-International-Conference-on-Trust-Privacy-and-Security-in-Digital-Business;B;16,000;16,000;18,000;18,000;21,000;17,800;53,000;44,000;55,000;48,000;63,000;52,600;3,313;2,750;3,056;2,833;3,143;3,019;1,000;1,000;1,000;1,063;1,048;1,022;83,019;65,909;89,091;89,583;81,901;13,208;2,273;0,000;10,417;6,474;75,000;37,500;83,333;77,778;68,403;6,250;6,250;5,556;0,000;4,514;3,094;2,045;2,291;2,458;2,540;2,728;0,060;0,048;0,042;0,052;0,041;0,012;16,000;16,000;18,000;16,000;19,000;63,000;16,000;16,000;18,000;16,000;19,000;63,000;1,000;1,000;1,000;1,119;1,012;1,509;0,000;0,000;0,000;0,000;0,000;0,439;228,000
89-International-Conference-on-Quality-Software;B;45,000;42,000;24,000;29,000;59,000;39,800;139,000;128,000;77,000;85,000;190,000;123,800;3,467;3,476;3,500;3,276;3,559;3,456;1,122;1,141;1,091;1,118;1,105;1,115;74,101;78,906;72,727;84,706;77,610;6,475;14,063;9,091;15,294;11,231;44,444;30,952;50,000;72,414;49,453;4,444;2,381;8,333;6,897;5,514;3,424;3,250;3,143;3,035;3,453;3,674;0,025;0,026;0,041;0,036;0,018;0,007;35,000;28,000;21,000;23,000;45,000;97,000;34,000;28,000;20,000;23,000;45,000;95,000;1,355;1,563;1,551;1,194;1,539;3,041;0,000;0,781;0,000;0,000;0,000;1,724;522,000
9-International-Conference-on-Applied-Cryptography-and-Network-Security;B;33,000;35,000;33,000;31,000;32,000;32,800;103,000;109,000;106,000;93,000;97,000;101,600;3,242;3,229;3,212;3,129;3,250;3,212;1,039;1,037;1,000;1,043;1,072;1,038;76,699;82,569;85,849;86,022;82,785;7,767;5,505;8,491;13,978;8,935;42,424;60,000;69,697;77,419;62,385;12,121;8,571;3,030;3,226;6,737;2,854;3,303;2,642;2,688;3,402;3,378;0,028;0,031;0,025;0,029;0,035;0,008;29,000;31,000;33,000;27,000;27,000;96,000;29,000;31,000;33,000;27,000;27,000;93,000;1,197;1,342;1,000;1,126;1,297;2,974;0,000;0,000;0,000;0,000;0,000;0,229;437,000
90-Information-Security-Practice-and-Experience-Conference;B;41,000;27,000;27,000;32,000;28,000;31,000;138,000;84,000;84,000;93,000;74,000;94,600;3,634;3,630;3,222;3,000;3,000;3,297;1,080;1,167;1,036;1,032;1,135;1,090;84,058;76,190;80,952;90,323;82,881;9,420;8,333;13,095;9,677;10,132;63,415;40,741;55,556;78,125;59,459;4,878;0,000;3,704;0,000;2,145;3,478;3,119;2,619;2,516;2,622;3,246;0,025;0,038;0,032;0,027;0,036;0,008;32,000;20,000;24,000;30,000;21,000;86,000;32,000;20,000;24,000;30,000;20,000;85,000;1,698;1,514;1,209;1,017;1,668;2,093;0,000;0,000;0,000;0,000;0,000;1,232;406,000
91-International-Conference-on-Cryptology-and-Network-Security;B;25,000;18,000;22,000;19,000;21,000;21,000;65,000;46,000;59,000;50,000;66,000;57,200;2,600;2,722;2,727;2,684;3,191;2,785;1,000;1,065;1,017;1,020;1,015;1,023;83,077;97,826;84,746;84,000;87,412;10,769;0,000;10,169;16,000;9,235;76,000;94,444;72,727;73,684;79,214;0,000;0,000;4,545;10,526;3,768;1,908;1,957;2,034;2,080;2,636;2,288;0,030;0,043;0,035;0,042;0,041;0,009;25,000;17,000;21,000;18,000;20,000;81,000;25,000;17,000;21,000;18,000;20,000;81,000;1,000;1,000;1,032;1,037;1,044;1,277;0,000;0,000;0,000;0,000;0,000;0,000;257,000
96-Product-Focused-Software-Process-Improvement;B;19,000;24,000;27,000;24,000;28,000;24,400;59,000;80,000;85,000;63,000;90,000;75,400;3,211;3,667;3,259;3,000;3,250;3,277;1,034;1,100;1,035;1,143;1,011;1,065;77,966;85,000;83,529;76,190;80,671;18,644;6,250;7,059;23,810;13,941;52,632;62,500;66,667;54,167;58,991;10,526;0,000;7,407;4,167;5,525;2,915;3,375;2,941;2,571;3,000;3,344;0,050;0,043;0,035;0,041;0,034;0,010;17,000;19,000;25,000;19,000;27,000;70,000;17,000;19,000;25,000;19,000;27,000;70,000;1,104;1,187;1,144;1,322;1,118;1,564;0,000;0,000;0,000;0,000;0,000;0,310;323,000
97-International-Conference-on-Software-Methods-and-Tools;B;79,000;37,000;36,000;24,000;30,000;41,200;218,000;111,000;79,000;63,000;72,000;108,600;3,304;3,297;2,778;3,000;2,633;3,002;1,197;1,099;1,266;1,143;1,097;1,160;87,615;58,559;68,354;65,079;69,902;10,092;30,631;29,114;34,921;26,189;81,013;40,541;50,000;45,833;54,347;7,595;24,324;19,444;29,167;20,133;3,312;3,009;2,481;2,540;2,861;3,319;0,015;0,027;0,032;0,041;0,040;0,008;54,000;30,000;25,000;19,000;28,000;101,000;52,000;30,000;24,000;19,000;27,000;100,000;2,348;1,417;1,632;1,121;1,220;2,055;0,917;0,000;0,000;0,000;0,000;3,310;423,000
101-Information-Security;C;36,000;29,000;24,000;25,000;36,000;30,000;112,000;86,000;80,000;81,000;104,000;92,600;3,167;3,103;3,375;3,320;3,000;3,193;1,018;1,046;1,013;1,025;1,038;1,028;88,393;95,349;95,000;90,123;92,216;5,357;2,326;1,250;9,877;4,702;80,556;89,655;87,500;84,000;85,428;5,556;0,000;0,000;0,000;1,389;2,750;2,535;3,000;2,815;2,519;2,834;0,025;0,030;0,038;0,035;0,024;0,007;34,000;28,000;23,000;23,000;32,000;120,000;34,000;28,000;23,000;23,000;32,000;120,000;1,158;1,009;1,111;1,066;1,275;1,266;0,000;0,000;0,000;0,000;0,000;0,000;434,000
23-Prague-Stringology-Conference;C;18,000;17,000;10,000;19,000;15,000;15,800;43,000;42,000;33,000;45,000;37,000;40,000;3,056;2,647;3,500;2,789;2,800;2,958;1,279;1,071;1,061;1,178;1,135;1,145;44,186;54,762;45,455;80,000;56,101;37,209;19,048;51,515;20,000;31,943;11,111;35,294;10,000;68,421;31,207;33,333;23,529;30,000;15,789;25,663;3,674;2,238;3,697;2,400;2,649;3,662;0,087;0,055;0,116;0,055;0,074;0,028;11,000;14,000;9,000;14,000;11,000;28,000;11,000;14,000;8,000;14,000;11,000;24,000;1,275;1,096;1,307;1,257;1,246;2,628;0,000;0,000;0,000;0,000;0,000;6,154;130,000
24-International-Conference-on-Information-Security-and-Assurance;C;14,000;20,000;63,000;50,000;37,000;36,800;47,000;70,000;179,000;132,000;110,000;107,600;3,500;3,900;2,968;3,160;3,351;3,376;1,043;1,114;1,045;1,197;1,127;1,105;91,489;88,571;97,207;95,455;93,181;0,000;0,000;2,793;4,545;1,835;78,571;75,000;93,651;78,000;81,306;0,000;0,000;1,587;2,000;0,897;3,234;3,571;2,492;2,773;2,909;2,948;0,070;0,052;0,014;0,021;0,027;0,006;12,000;17,000;57,000;36,000;31,000;137,000;12,000;17,000;57,000;36,000;31,000;137,000;1,084;1,074;1,097;1,392;1,053;1,344;0,000;0,000;0,000;1,515;0,000;0,388;515,000
25-IEEE-International-Conference-on-Global-Software-Engineering;C;21,000;25,000;28,000;26,000;36,000;27,200;60,000;67,000;73,000;82,000;104,000;77,200;3,238;2,960;3,000;3,269;3,417;3,177;1,133;1,105;1,151;1,037;1,183;1,122;51,667;53,731;64,384;80,488;62,567;33,333;29,851;31,507;19,512;28,551;38,095;36,000;35,714;65,385;43,799;23,810;24,000;17,857;19,231;21,224;3,133;2,597;2,712;3,122;3,462;3,549;0,053;0,039;0,038;0,039;0,034;0,013;17,000;21,000;19,000;24,000;25,000;60,000;15,000;21,000;19,000;24,000;25,000;58,000;2,296;1,130;1,202;1,123;1,226;2,913;0,000;0,000;0,000;0,000;0,000;4,225;284,000
32-Principles-and-Practice-of-Programming-in-Java;C;19,000;17,000;17,000;16,000;19,000;17,600;56,000;50,000;42,000;46,000;58,000;50,400;3,211;3,059;2,647;3,188;3,263;3,073;1,089;1,040;1,071;1,109;1,069;1,076;66,071;78,000;85,714;80,435;77,555;26,786;12,000;7,143;19,565;16,373;36,842;58,824;70,588;75,000;60,313;10,526;11,765;5,882;18,750;11,731;3,000;2,800;2,429;2,913;2,966;3,034;0,055;0,057;0,059;0,065;0,052;0,015;15,000;15,000;14,000;13,000;18,000;56,000;15,000;15,000;14,000;13,000;17,000;55,000;1,368;1,125;1,038;1,247;1,323;1,967;0,000;0,000;0,000;0,000;0,000;2,899;207,000
35-IEEE-International-On-Line-Testing-Symposium;C;31,000;33,000;26,000;37,000;37,000;32,800;124,000;122,000;87,000;121,000;126,000;116,000;4,613;4,121;3,654;3,676;3,730;3,959;1,153;1,115;1,092;1,124;1,095;1,116;62,097;67,213;68,966;78,512;69,197;17,742;11,475;20,690;21,488;17,849;22,581;39,394;42,308;62,162;41,611;16,129;15,152;7,692;13,514;13,122;6,161;4,016;3,885;3,719;3,667;5,114;0,050;0,033;0,045;0,031;0,029;0,012;19,000;26,000;22,000;28,000;29,000;64,000;17,000;26,000;22,000;28,000;29,000;58,000;3,082;1,217;1,149;1,343;1,261;5,591;0,000;0,000;0,000;0,000;0,000;2,500;440,000
36-International-Conference-on-Dependable-Autonomic-and-Secure-Computing;C;82,000;93,000;163,000;116,000;20,000;94,800;245,000;270,000;486,000;334,000;50,000;277,000;3,500;3,452;3,386;3,233;2,800;3,274;1,171;1,189;1,136;1,123;1,120;1,148;92,653;94,444;98,148;99,701;96,237;3,673;1,481;1,852;0,299;1,827;80,488;81,720;95,706;99,138;89,263;3,659;0,000;0,000;0,000;0,915;3,273;3,141;3,173;2,844;2,760;3,171;0,013;0,012;0,007;0,009;0,056;0,002;61,000;70,000;125,000;97,000;16,000;336,000;61,000;70,000;125,000;97,000;16,000;336,000;1,591;1,155;1,264;1,128;1,028;1,658;0,408;0,370;0,000;0,000;0,000;0,149;1342,000
39-GI-International-Conference-on-Detection-of-Intrusions-and-Malware-and-Vulnerability-Assessment;C;14,000;12,000;14,000;13,000;12,000;13,000;51,000;35,000;46,000;42,000;40,000;42,800;4,000;2,917;3,500;3,539;3,667;3,524;1,098;1,000;1,065;1,095;1,100;1,072;76,471;68,571;86,957;88,095;80,023;3,922;11,429;4,348;11,905;7,901;42,857;33,333;78,571;69,231;55,998;0,000;25,000;0,000;0,000;6,250;4,471;2,171;2,957;3,476;3,450;3,867;0,089;0,064;0,066;0,085;0,088;0,022;10,000;12,000;12,000;10,000;10,000;36,000;10,000;12,000;12,000;10,000;9,000;34,000;1,230;1,000;1,150;1,318;1,398;2,770;0,000;0,000;0,000;0,000;0,000;1,667;180,000
40-Joint-Working-Conference-on-Secure-Information-Networks-Communications-and-Multimedia-Security;C;12,000;18,000;16,000;21,000;23,000;18,000;30,000;53,000;47,000;56,000;55,000;48,200;2,667;3,111;3,250;3,048;2,739;2,963;1,067;1,057;1,106;1,143;1,145;1,104;83,333;71,698;72,340;87,500;78,718;10,000;16,981;25,532;12,500;16,253;66,667;55,556;56,250;80,952;64,856;0,000;11,111;18,750;4,762;8,656;2,200;2,792;3,021;2,821;2,364;2,896;0,076;0,054;0,066;0,051;0,044;0,014;10,000;16,000;14,000;16,000;16,000;55,000;10,000;16,000;14,000;16,000;16,000;54,000;1,029;1,159;1,101;1,248;1,253;1,674;0,000;0,000;0,000;0,000;0,000;3,980;201,000
48-IEEE-Symposium-on-Rapid-Prototyping;C;19,000;20,000;26,000;30,000;31,000;25,200;70,000;81,000;89,000;92,000;87,000;83,800;3,789;4,300;3,539;3,233;2,839;3,540;1,029;1,062;1,034;1,054;1,012;1,038;78,571;76,543;97,753;91,304;86,043;17,143;23,457;1,124;8,696;12,605;47,368;50,000;88,462;80,000;66,457;0,000;10,000;0,000;3,333;3,333;3,257;3,901;3,056;2,891;2,552;3,360;0,047;0,049;0,035;0,032;0,030;0,009;17,000;18,000;24,000;28,000;30,000;89,000;17,000;17,000;24,000;28,000;30,000;89,000;1,095;1,451;1,081;1,022;1,018;1,664;0,000;0,000;0,000;0,000;0,000;0,800;375,000
53-IEEE-Bioinformatics-and-Bioengineering;C;60,000;43,000;116,000;39,000;44,000;60,400;196,000;172,000;436,000;136,000;171,000;222,200;3,950;4,349;4,431;4,000;4,182;4,182;1,209;1,087;1,179;1,147;1,076;1,140;84,694;80,233;99,312;100,000;91,060;8,673;19,767;0,459;0,000;7,225;75,000;60,465;98,276;100,000;83,435;3,333;6,977;0,000;0,000;2,578;4,153;4,802;5,358;4,353;4,070;4,889;0,021;0,028;0,012;0,032;0,024;0,005;43,000;35,000;74,000;31,000;37,000;192,000;43,000;34,000;72,000;29,000;37,000;188,000;1,218;1,489;2,193;1,928;1,376;2,694;1,020;0,000;0,229;0,735;0,000;0,862;1044,000
58-Conference-on-RFID-Security;C;13,000;11,000;12,000;12,000;17,000;13,000;43,000;35,000;33,000;40,000;42,000;38,600;3,385;3,636;2,833;3,333;2,882;3,214;1,023;1,143;1,030;1,000;1,167;1,073;72,093;60,000;66,667;90,000;72,190;18,605;20,000;15,152;10,000;15,939;46,154;45,455;41,667;75,000;52,069;7,692;9,091;16,667;0,000;8,362;3,349;3,657;2,424;2,750;2,381;3,434;0,080;0,108;0,076;0,071;0,058;0,023;12,000;10,000;11,000;12,000;13,000;35,000;12,000;9,000;11,000;12,000;13,000;33,000;1,040;1,304;1,167;1,000;1,296;2,068;0,000;0,000;0,000;0,000;2,381;0,658;152,000
63-IEEE-International-Symposium-on-Performance-Analysis-of-Systems-and-Software;C;21,000;23,000;20,000;24,000;22,000;22,000;84,000;80,000;68,000;83,000;71,000;77,200;4,143;3,565;3,550;3,458;3,318;3,607;1,036;1,025;1,044;1,000;1,028;1,027;86,905;93,750;83,824;96,386;90,216;4,762;2,500;13,235;3,614;6,028;61,905;78,261;60,000;87,500;71,916;0,000;0,000;0,000;0,000;0,000;4,738;3,325;3,147;3,205;2,901;3,725;0,057;0,042;0,047;0,039;0,041;0,010;20,000;21,000;18,000;24,000;20,000;81,000;20,000;21,000;18,000;24,000;20,000;81,000;1,000;1,113;1,027;1,000;1,055;1,247;0,000;0,000;0,000;0,000;0,000;0,281;356,000
71-International-Conference-on-Program-Comprehension-;C;27,000;21,000;24,000;18,000;15,000;21,000;79,000;73,000;73,000;55,000;45,000;65,000;3,444;3,667;3,375;3,333;3,200;3,404;1,177;1,055;1,110;1,091;1,067;1,100;77,215;73,973;72,603;85,455;77,311;7,595;19,178;24,658;14,545;16,494;59,259;47,619;45,833;66,667;54,845;11,111;9,524;8,333;0,000;7,242;3,418;3,288;2,959;3,091;2,800;3,654;0,044;0,046;0,041;0,057;0,064;0,014;18,000;19,000;20,000;14,000;12,000;49,000;17,000;18,000;20,000;14,000;12,000;46,000;1,755;1,337;1,329;1,167;1,149;2,553;0,000;0,000;0,000;0,000;0,000;2,308;260,000
79-Conference-on-Software-Engineering-Education-and-Training-;C;21,000;43,000;16,000;67,000;21,000;33,600;63,000;133,000;44,000;163,000;52,000;91,000;3,048;3,209;2,875;2,642;2,524;2,860;1,016;1,038;1,046;1,086;1,019;1,041;69,841;83,459;75,000;96,319;81,155;23,810;4,511;22,727;3,681;13,682;61,905;67,442;50,000;92,537;67,971;9,524;9,302;25,000;2,985;11,703;3,397;3,203;3,318;2,540;2,192;3,078;0,055;0,024;0,077;0,016;0,043;0,008;20,000;39,000;14,000;58,000;20,000;114,000;20,000;39,000;14,000;58,000;20,000;114,000;1,000;1,282;1,039;1,408;1,000;1,755;0,000;0,000;0,000;0,000;0,000;0,504;397,000
8-International-Symposium-on-Theoretical-Aspects-of-Software-Engineering;C;23,000;22,000;25,000;21,000;20,000;22,200;66,000;60,000;77,000;59,000;63,000;65,000;3,000;2,773;3,160;3,143;3,350;3,085;1,046;1,017;1,026;1,119;1,064;1,054;71,212;75,000;83,117;81,356;77,671;7,576;11,667;10,390;18,644;12,069;52,174;63,636;56,000;57,143;57,238;0,000;13,636;4,000;9,524;6,790;3,242;2,500;3,013;2,847;3,016;3,386;0,050;0,042;0,040;0,049;0,049;0,013;21,000;21,000;23,000;18,000;17,000;66,000;21,000;21,000;23,000;17,000;17,000;64,000;1,189;1,000;1,108;1,486;1,128;3,056;0,000;0,000;0,000;0,000;0,000;1,124;267,000
84-International-Conference-on-Risks-and-Security-of-Internet-and-Systems;C;20,000;18,000;19,000;15,000;12,000;16,800;64,000;60,000;63,000;57,000;41,000;57,000;3,250;3,667;3,421;3,800;3,583;3,544;1,016;1,100;1,032;1,000;1,049;1,039;87,500;91,667;93,651;92,982;91,450;1,563;5,000;3,175;7,018;4,189;80,000;72,222;84,211;86,667;80,775;0,000;0,000;5,263;0,000;1,316;3,094;3,033;3,206;3,333;3,122;3,341;0,049;0,051;0,052;0,060;0,078;0,013;19,000;15,000;18,000;15,000;10,000;63,000;19,000;15,000;18,000;15,000;10,000;63,000;1,039;1,209;1,056;1,000;1,158;1,334;0,000;0,000;0,000;0,000;0,000;0,000;264,000
93-International-Conference-on-Software-Testing-Verification-and-Validation;C;37,000;51,000;102,000;41,000;48,000;55,800;106,000;161,000;276,000;120,000;142,000;161,000;3,216;3,588;3,118;3,195;3,063;3,236;1,123;1,137;1,152;1,092;1,035;1,108;60,377;73,292;83,696;77,500;73,716;11,321;22,981;10,507;22,500;16,827;27,027;33,333;57,843;53,659;42,966;21,622;9,804;11,765;9,756;13,237;2,792;3,540;2,906;2,767;2,606;3,417;0,027;0,022;0,011;0,023;0,018;0,005;30,000;36,000;74,000;31,000;43,000;126,000;30,000;36,000;74,000;31,000;43,000;122,000;1,247;1,292;1,383;1,301;1,208;4,435;0,000;0,000;0,000;0,000;0,000;2,623;648,000
